{
  "project_info": {
    "project_number": "699974214184",
    "project_id": "notascompartidas-8b65f",
    "storage_bucket": "notascompartidas-8b65f.appspot.com"
  },
  "client": [
    {
      "client_info": {
        "mobilesdk_app_id": "1:699974214184:android:b1467597fb7fa8d8554b1d",
        "android_client_info": {
          "package_name": "com.example.p_firebase"
        }
      },
      "oauth_client": [],
      "api_key": [
        {
          "current_key": "AIzaSyDnUdSOzDG0ys8C0pFBZsDFRi6PfnPhXtI"
        }
      ],
      "services": {
        "appinvite_service": {
          "other_platform_oauth_client": []
        }
      }
    }
  ],
  "configuration_version": "1"
}